1574764515.000000, 1574764515.000000, 1574764515.000000
32.000000, 32.000000, 32.000000
51,24,-15
55,28,-15
59,29,-13
60,31,-13
53,31,-10
55,30,-10
55,31,-10
53,29,-10
65,33,-10
59,33,-7
52,31,-5
57,30,-5
54,28,-2
56,28,-4
59,33,-16
54,29,0
51,32,-2
51,31,-6
59,34,-4
56,31,0
58,32,-1
57,31,0
58,30,-4
56,32,9
52,33,8
56,31,2
56,35,7
56,30,8
53,28,8
58,32,8
57,34,4
56,30,11
51,30,12
51,30,11
52,29,8
56,30,9
55,29,11
55,27,9
53,29,19
56,32,23
65,32,19
55,37,13
50,34,11
38,30,15
36,26,20
42,33,19
47,36,21
44,35,16
44,38,18
53,40,23
45,42,35
45,38,29
40,37,27
40,34,29
32,44,25
38,34,32
39,37,32
52,31,40
59,35,40
53,41,23
42,39,18
32,39,27
36,41,32
38,39,36
28,35,33
27,40,35
52,28,38
58,39,46
37,34,34
41,34,35
44,34,34
39,34,32
33,40,32
43,63,43
50,43,37
48,38,40
34,31,28
30,35,34
26,32,36
25,36,42
17,32,40
5,29,40
2,26,39
6,28,45
2,37,33
31,27,75
18,17,41
-4,39,42
8,19,47
-15,14,38
48,15,38
42,26,37
48,34,42
43,22,25
39,18,21
56,9,14
48,20,7
72,12,12
93,27,34
61,15,1
82,9,17
84,7,19
71,6,21
68,5,23
44,0,18
23,-6,3
24,-17,-1
14,-26,-3
21,-34,-6
48,-46,1
56,-51,-4
71,-77,17
98,-128,4
44,67,70
-41,-71,-3
-112,-93,-47
115,-69,28
90,-48,40
33,-58,6
28,-49,2
33,-47,5
36,-53,3
35,-54,2
33,-56,0
26,-60,-1
24,-62,-1
22,-63,-1
24,-62,1
32,-62,15
17,-66,17
-6,-68,13
8,-60,2
21,-60,6
21,-59,5
21,-56,3
27,-54,2
25,-57,2
25,-60,6
22,-60,-5
33,-58,-3
42,-56,14
37,-57,14
37,-54,7
33,-53,5
32,-53,3
28,-56,1
25,-56,1
24,-57,5
24,-59,6
22,-61,9
21,-57,6
24,-55,6
30,-56,8
30,-54,9
34,-55,11
36,-55,12
32,-62,6
33,-67,6
27,-62,1
13,-55,-10
15,-51,-10
25,-55,-6
35,-66,-3
34,-68,-4
27,-61,-5
24,-62,-6
26,-70,-13
35,-59,-6
37,-53,-1
35,-50,5
29,-49,0
25,-50,-7
26,-53,-9
30,-58,-6
35,-57,-5
34,-52,-4
27,-53,-5
25,-51,-5
26,-52,-3
28,-52,-2
30,-54,0
25,-49,-3
22,-47,-4
27,-48,1
30,-50,2
28,-54,-2
30,-70,-3
29,-68,-3
19,-51,-7
20,-55,-4
31,-63,-1
30,-64,-2
24,-60,-2
27,-53,1
31,-54,3
35,-60,5
33,-62,4
28,-58,5
31,-56,8
35,-55,10
34,-50,3
33,-51,2
30,-55,0
33,-54,-1
39,-55,5
44,-55,8
42,-54,6
35,-58,0
35,-60,1
33,-58,-1
31,-56,-2
28,-58,-3
29,-60,-2
28,-60,-2
24,-59,-3
25,-59,-2
24,-60,-1
24,-59,1
24,-58,3
22,-56,0
21,-55,2
17,-58,2
18,-59,2
26,-60,4
30,-59,3
33,-65,3
32,-62,5
30,-59,5
30,-51,9
23,-47,8
24,-59,3
28,-65,7
28,-66,10
25,-72,11
26,-66,12
19,-57,9
17,-58,6
18,-54,3
22,-56,7
23,-55,8
23,-54,11
22,-53,9
19,-54,5
21,-57,6
23,-59,7
25,-58,7
25,-59,9
24,-59,9
24,-55,8
21,-54,9
19,-56,7
22,-60,9
28,-61,13
28,-60,12
25,-58,11
23,-58,9
24,-59,8
26,-64,8
26,-63,9
23,-59,8
21,-56,6
21,-56,7
23,-58,6
25,-61,7
32,-75,12
31,-75,14
20,-58,11
17,-52,12
15,-56,7
18,-55,5
19,-52,9
22,-55,18
23,-59,13
30,-56,11
32,-56,15
32,-56,14
30,-58,9
31,-56,9
32,-54,10
33,-51,12
35,-52,15
31,-53,13
27,-53,12
28,-52,16
31,-51,21
34,-54,29
34,-56,29
30,-61,28
26,-54,25
26,-54,24
24,-54,21
25,-53,21
29,-53,26
35,-50,24
32,-48,19
27,-50,15
26,-47,15
29,-47,19
31,-46,21
33,-47,21
31,-48,20
30,-48,20
30,-48,20
33,-48,21
36,-47,24
36,-48,23
35,-48,23
34,-49,23
33,-49,24
34,-48,25
34,-49,25
35,-49,24
34,-49,24
33,-48,22
31,-48,17
31,-47,16
34,-45,21
34,-48,21
34,-48,16
34,-49,16
35,-48,16
35,-45,16
36,-43,17
40,-47,23
39,-49,22
38,-50,21
36,-52,17
35,-53,15
36,-53,11
37,-51,14
42,-46,16
42,-49,15
41,-50,12
39,-52,10
38,-52,10
40,-50,11
41,-50,13
41,-51,15
42,-50,13
41,-50,12
39,-48,13
40,-47,13
42,-44,13
44,-43,13
44,-42,12
43,-40,11
43,-39,11
42,-40,10
42,-40,10
41,-42,9
42,-42,11
44,-42,13
47,-42,15
48,-42,15
45,-40,16
45,-39,17
46,-39,17
46,-40,16
45,-40,15
43,-41,14
41,-41,14
40,-42,15
37,-44,14
35,-45,15
33,-49,15
34,-52,16
30,-55,15
28,-56,13
30,-58,13
33,-56,13
34,-55,14
28,-42,3
30,-56,-5
34,-58,2
36,-56,15
48,-54,33
35,-60,21
39,-60,22
27,-59,9
22,-58,7
23,-59,15
41,-52,9
58,-56,17
49,-57,21
39,-61,36
35,-63,39
26,-69,34
23,-50,43
23,-48,41
21,-49,42
27,-41,44
32,-37,44
33,-39,39
24,-27,49
18,-35,47
2,-23,48
3,-23,48
-1,-10,42
0,-9,44
1,-20,49
4,-17,53
5,-16,53
0,-6,54
3,-12,57
-1,-5,59
-10,-6,54
-8,-2,66
-26,-6,55
-22,-7,52
-3,-14,64
3,-5,72
-23,-6,59
-13,-4,62
-15,-5,61
-22,-8,59
-26,-4,57
-8,-12,63
-6,-24,59
-7,-12,62
19,-1,74
7,-5,70
-18,-7,55
-20,-5,53
-10,-10,58
-11,-6,58
-9,-6,57
-11,-6,58
-14,-4,56
-12,-4,62
-7,-8,67
-14,-4,61
-13,-5,59
-9,-2,75
-7,-2,61
-7,-4,62
-9,-3,63
-7,-4,63
-7,-6,59
-11,-14,73
-5,-5,65
-6,-4,62
-8,-6,60
-6,-6,59
-5,-6,63
-6,-5,61
-6,-4,62
-4,-5,61
-5,-5,62
-4,-4,62
-5,-8,61
-4,-4,62
-6,-7,61
-4,-5,62
-7,-7,60
-3,-6,64
-7,-6,59
-4,-4,61
-5,-5,62
-4,-5,61
-2,-3,62
-1,-3,64
-4,-4,62
-4,-5,61
-2,-3,61
4,-3,65
-7,0,72
-13,-8,62
-9,-6,62
-7,-8,65
-4,1,63
-3,-2,61
-6,-2,57
-6,-4,56
-7,-4,57
-5,-4,61
-7,-5,62
-5,-3,63
-9,-2,62
-6,-2,62
-7,-3,61
-6,-2,61
-5,-2,62
-5,-2,62
-5,-3,61
-4,-1,62
-6,-3,61
-6,-3,61
-5,-2,62
-5,-2,62
-6,-3,62
-6,-2,62
-6,-3,62
-6,-3,62
-6,-3,62
-6,-3,62
-6,-3,62
-5,-3,62
-5,-3,63
-5,-3,62
-6,-3,61
-6,-3,61
-8,-4,61
-6,-3,62
-6,-3,63
-7,-4,62
-6,-5,62
-4,-4,62
-6,-3,62
-5,-4,62
-5,-2,61
-6,-5,61
-7,-4,62
-7,-5,60
-10,0,62
-5,-5,63
-6,-2,62
-7,-3,62
-5,-4,51
-8,1,59
-5,-2,61
-5,-2,62
-4,-3,63
-3,-1,64
-4,0,62
-5,-1,61
-4,0,62
-4,1,61
-4,-2,62
-2,-2,62
-2,-1,65
-3,-1,63
-6,-2,61
-3,-2,62
-2,-2,63
-1,-2,62
-7,-3,61
-5,-2,62
-2,1,64
0,0,64
-2,-2,62
-4,-2,62
0,-2,63
-2,-3,60
-2,-1,61
-2,0,62
-3,-3,61
1,-2,62
2,1,61
4,0,63
3,-4,66
1,-10,67
-2,-9,64
-2,-4,66
-2,-5,63
-1,-7,60
2,-6,62
2,-3,62
1,1,58
1,1,57
3,0,60
2,-3,62
1,-3,63
1,1,64
1,2,66
-3,-3,64
-6,-3,57
-3,1,57
0,5,63
0,7,64
0,5,63
0,2,62
-1,-1,62
0,-4,63
-1,-5,63
-4,-4,64
-4,-4,65
-5,-6,61
-6,-2,56
-4,0,58
-1,0,61
-1,0,60
-2,-1,60
-1,-1,61
-1,0,61
-1,0,62
-1,0,63
-3,0,62
-2,-1,63
-1,-1,64
-1,0,63
0,0,63
0,0,62
0,1,61
0,1,61
0,0,60
-1,0,60
0,0,62
0,-1,62
-1,0,62
0,-1,63
1,-1,63
1,-2,62
1,-3,60
2,1,62
2,2,62
2,2,63
1,1,63
0,-1,63
1,-1,63
1,0,63
2,1,63
4,1,64
7,1,65
6,0,64
-1,2,56
5,5,60
7,7,61
-4,6,59
0,7,61
2,9,63
0,8,61
2,5,61
8,12,62
7,12,61
4,12,62
8,12,62
13,12,63
8,9,61
5,9,59
7,8,61
8,8,61
6,8,61
5,8,60
8,8,62
7,7,62
6,7,62
6,7,62
6,7,62
5,8,61
6,8,61
7,8,61
6,7,61
6,7,61
6,8,61
6,7,61
6,7,61
6,8,61
5,8,61
6,8,62
7,8,63
5,7,63
5,7,63
7,6,63
5,6,61
7,6,63
5,4,63
2,3,60
0,-1,57
2,1,58
2,3,59
7,8,60
11,11,61
9,11,61
8,11,62
8,9,62
7,9,63
6,10,63
5,9,64
6,9,63
6,7,61
7,8,61
8,9,60
8,11,60
8,11,60
8,10,60
7,9,60
7,8,61
6,8,60
6,9,61
6,9,62
5,8,61
5,7,60
5,8,60
5,8,60
6,8,61
5,7,61
4,7,62
5,7,64
3,6,64
2,6,61
5,9,61
7,9,63
5,7,62
5,6,61
5,6,61
5,8,60
7,9,60
8,10,60
8,9,61
8,8,62
7,7,62
7,7,62
6,8,61
6,8,61
6,8,60
5,9,60
6,9,60
6,9,60
7,6,61
6,5,62
4,7,59
4,8,58
7,8,61
8,7,61
6,7,60
6,6,61
7,6,62
6,7,61
6,8,61
7,8,62
7,8,61
8,8,60
9,8,63
8,7,62
8,5,62
7,4,62
7,6,62
6,7,61
6,8,61
7,9,62
6,8,61
7,8,61
8,8,62
7,7,61
7,7,60
8,7,60
8,7,60
7,7,59
8,8,58
9,7,61
8,7,60
8,8,59
9,9,60
8,10,61
7,9,60
7,8,61
8,9,63
8,8,63
8,6,63
7,6,61
8,7,61
11,8,60
10,7,60
11,4,61
11,3,60
9,4,59
10,4,61
11,4,61
17,3,59
22,5,56
1,5,58
3,3,63
15,3,69
11,0,68
-2,-3,63
4,1,61
9,3,65
4,0,60
2,0,57
2,-1,62
1,-2,58
4,0,61
5,3,61
11,4,58
-1,-1,62
-1,-2,62
3,-1,60
7,2,58
3,1,59
-3,-1,60
6,1,63
7,1,70
4,1,70
5,-1,68
6,-2,66
8,-4,66
6,-5,59
6,-5,57
8,0,55
8,4,60
6,7,60
4,10,62
4,11,58
15,14,56
17,12,57
14,9,61
10,7,61
11,6,61
15,5,61
15,5,61
16,3,61
18,2,63
21,1,63
16,-2,59
13,-2,58
11,-1,57
13,-1,59
12,-1,61
17,6,59
17,7,60
10,5,61
10,5,61
13,3,61
14,2,60
13,1,58
13,3,59
12,3,60
13,5,63
14,5,64
13,5,61
13,5,59
13,7,61
7,7,62
10,7,62
13,8,62
11,7,63
8,6,63
14,0,57
15,10,63
4,12,50
6,8,62
2,1,68
4,2,69
1,0,62
7,6,62
8,10,65
11,5,59
15,1,59
16,2,58
16,4,59
15,5,57
10,6,54
9,8,57
7,10,58
5,12,57
4,19,58
5,27,60
8,25,60
10,19,61
12,10,62
10,14,65
7,5,65
5,1,63
4,2,62
-4,2,60
-4,9,58
-3,11,56
-3,14,56
0,16,58
2,15,59
2,13,61
0,17,62
1,12,62
1,12,63
4,12,63
-1,16,59
3,11,61
3,11,62
2,10,61
2,9,60
2,9,61
3,10,61
4,8,59
2,10,59
5,9,59
8,10,62
6,10,61
7,9,61
8,10,62
6,10,61
2,14,61
12,8,62
9,10,61
9,11,63
6,9,61
3,10,60
11,6,62
7,9,62
5,7,60
6,9,60
8,7,62
10,5,60
8,9,60
4,8,61
7,7,62
9,6,61
7,11,62
6,2,63
6,8,60
4,5,59
7,7,62
8,8,62
8,9,61
5,8,61
8,9,62
3,7,62
-6,5,58
7,13,68
6,12,64
4,14,64
12,8,63
11,12,64
-2,8,56
0,9,55
-2,13,57
14,11,64
7,13,59
2,16,58
4,15,60
8,9,61
7,12,60
10,13,62
5,14,60
5,15,62
8,9,59
3,12,55
10,11,60
14,15,59
13,17,59
9,12,59
11,13,61
14,18,61
12,21,65
9,16,58
10,16,61
11,12,60
11,17,59
11,17,61
9,19,59
-1,14,54
-2,15,54
2,15,60
8,8,62
6,13,60
16,14,62
2,12,61
-3,15,55
3,14,58
-1,16,60
9,29,73
4,18,56
1,18,59
12,18,59
0,17,50
6,23,57
7,19,62
7,13,55
3,18,61
6,24,61
5,22,59
4,22,61
6,21,60
7,21,62
9,21,63
4,20,57
-4,22,51
-3,22,54
0,20,59
3,17,59
2,23,58
4,21,59
2,27,61
4,26,60
2,24,55
6,28,57
6,22,55
7,25,62
-1,22,57
1,20,58
10,26,61
-1,24,54
3,28,58
0,25,55
7,26,60
-10,19,49
-4,29,55
10,27,59
-2,23,53
-9,17,55
-4,25,57
4,22,58
27,32,60
18,33,52
-3,28,46
11,29,55
6,27,54
4,27,55
4,25,56
5,22,59
9,24,60
13,26,58
12,27,56
16,27,53
12,27,53
14,27,54
12,29,54
12,28,53
19,28,57
14,29,56
7,24,49
18,25,56
21,29,59
3,28,50
11,30,56
9,31,55
6,30,59
10,27,57
10,26,52
12,28,54
3,29,52
7,29,57
16,26,52
19,32,54
15,31,51
20,34,57
15,29,50
9,28,51
7,30,55
2,26,54
11,27,54
13,27,54
8,26,56
3,26,58
-5,27,55
27,32,64
5,39,63
-6,29,47
1,25,55
2,24,56
8,27,60
3,26,52
-8,28,48
8,32,54
-4,28,55
-8,27,61
1,24,65
4,28,59
0,31,54
-3,27,49
-18,29,49
21,29,73
12,29,64
-6,25,55
1,26,57
1,28,56
9,28,52
8,27,60
4,28,57
-4,27,53
-1,28,56
-1,27,58
-1,27,58
-2,25,57
-1,29,57
-2,28,57
-4,27,55
-2,27,55
4,46,44
-5,17,47
-21,32,57
1,28,60
-2,25,57
-2,33,59
-4,29,56
-2,28,53
-4,29,52
-1,28,58
-4,27,58
-6,26,57
-3,28,51
-7,25,54
-4,27,58
-7,23,56
-1,29,57
-4,31,56
-8,32,57
5,27,66
0,24,60
-4,30,56
-14,22,54
-2,22,54
-7,24,53
-7,28,58
-3,28,58
-2,26,57
-10,25,52
2,27,62
2,29,61
-1,29,54
8,30,60
-2,28,57
-5,29,54
-3,27,54
2,26,57
4,27,58
6,26,57
12,28,59
-1,29,52
6,30,56
7,29,56
8,28,57
9,28,58
5,29,55
6,28,55
6,28,54
9,30,55
9,31,53
11,29,56
9,28,54
12,29,53
10,32,52
7,34,54
0,26,49
13,35,58
7,22,56
4,24,56
10,30,55
11,31,57
15,27,62
10,29,53
8,29,52
9,32,54
13,30,52
15,28,54
14,27,53
18,28,53
17,31,53
19,30,53
4,30,53
14,29,54
17,29,54
13,28,52
11,28,50
16,31,53
16,32,54
20,28,50
21,33,51
20,33,51
26,29,52
32,35,51
18,28,49
22,29,50
20,28,51
20,31,52
20,29,50
17,31,51
19,30,50
18,31,51
23,26,49
23,31,51
21,34,50
21,31,47
13,35,51
15,29,53
23,32,55
17,31,52
19,35,50
17,33,48
17,33,47
23,31,51
7,29,52
18,29,54
17,30,53
18,31,53
18,32,53
14,31,52
24,34,52
19,36,49
15,44,62
19,36,55
6,26,52
13,32,52
11,33,47
14,35,56
20,36,56
11,33,51
11,29,53
14,30,53
14,32,53
12,31,51
12,31,52
13,32,51
26,33,45
4,22,54
5,26,66
13,24,66
7,27,58
7,31,56
13,31,58
11,30,56
10,29,49
13,28,55
10,28,59
3,30,58
2,32,59
8,23,56
9,20,56
10,23,60
4,37,55
10,29,61
-6,27,48
-7,29,50
14,24,56
17,34,65
-6,33,54
2,27,50
9,35,57
1,33,52
1,25,58
2,29,56
2,26,59
1,26,53
5,31,48
9,39,55
-8,27,57
-11,21,53
4,29,60
1,32,50
14,31,47
-4,40,47
-9,31,46
6,21,53
5,31,62
1,20,46
6,30,52
-20,59,59
-19,15,34
10,50,60
-2,26,45
11,31,54
10,28,55
9,33,52
9,30,55
5,28,58
5,27,58
11,27,60
14,30,59
9,29,56
9,27,52
13,29,54
3,60,84
3,30,60
7,28,61
6,22,57
9,27,59
9,28,58
3,29,53
3,28,49
12,28,57
9,28,52
16,26,59
10,24,59
-1,29,58
2,25,57
5,32,58
5,33,54
6,27,57
7,29,57
5,26,57
0,27,59
8,39,62
0,10,53
-1,25,56
-1,26,57
4,42,60
5,24,59
-7,18,55
1,26,58
2,26,59
-2,20,58
-2,24,56
-3,18,51
-1,35,60
-1,25,61
-2,25,57
-2,26,52
6,29,57
6,30,56
-6,28,53
2,27,55
1,29,58
-5,25,60
-5,28,61
-5,28,54
-4,27,55
-7,25,55
-6,27,57
-7,26,57
-6,28,56
-8,25,56
-3,23,57
-8,27,57
-8,28,55
-4,27,59
-5,24,59
-6,25,61
-7,22,61
-5,20,58
-6,20,59
-5,22,60
-1,21,59
-4,21,57
-7,19,59
-8,23,61
-6,20,58
-4,23,60
-5,23,60
-6,22,58
-6,21,58
-4,21,58
-4,22,59
-6,20,59
-5,21,58
-7,20,58
-5,21,59
-7,22,60
-8,22,60
-4,22,58
-5,21,57
-8,23,57
-8,21,55
-5,19,58
-9,21,60
-10,19,58
-11,18,58
-12,19,61
-8,18,60
-6,21,62
-3,22,59
-8,24,61
-6,24,62
-11,21,56
-7,22,59
-2,20,61
-6,23,60
-8,19,58
-10,18,57
-9,20,58
-4,22,58
-8,21,57
-8,21,58
-10,21,59
-6,22,59
-7,9,58
-5,21,64
-2,21,64
-6,24,63
4,17,55
-9,63,59
4,26,54
3,27,54
0,25,54
-4,26,57
-2,21,53
2,36,60
-5,16,58
3,21,58
-7,22,57
-7,25,56
-1,25,56
-2,21,57
0,23,57
0,25,59
-3,26,61
-11,23,62
0,26,68
-8,24,56
-8,21,54
-9,23,53
-19,26,53
-8,14,60
-5,31,60
-5,26,54
-5,30,55
-6,28,54
-13,29,57
-8,28,59
-4,29,55
-6,27,56
-10,25,54
-15,25,53
-14,18,40
17,32,66
-6,25,53
-13,32,52
-4,36,56
3,27,54
1,26,57
-7,25,56
-10,33,53
0,35,58
-5,29,55
-6,35,56
-3,31,56
2,28,56
-3,28,53
-1,27,53
1,32,57
0,32,55
-1,52,47
-3,29,51
-20,42,62
8,24,61
-5,33,55
7,37,57
-7,36,54
-10,30,49
-12,32,52
-6,22,52
7,30,57
1,29,49
12,32,52
3,34,51
-9,42,52
7,28,53
10,37,57
0,31,48
2,29,56
11,26,58
6,28,55
11,41,71
-3,25,60
-13,30,53
-18,29,50
-11,29,56
-13,19,58
-10,48,47
4,27,68
-1,29,57
-4,29,55
-9,27,52
-4,36,51
4,36,57
7,30,54
2,31,52
-7,33,46
10,34,41
13,31,67
16,27,62
-8,33,60
-1,29,64
-1,33,58
-10,27,59
-7,62,76
2,21,55
-2,28,59
-4,21,59
-12,30,53
-15,32,52
-17,25,52
-10,25,54
-12,35,49
28,13,67
-20,26,51
-14,15,58
-17,26,55
-9,15,65
-26,34,61
-2,10,65
-5,15,58
-1,26,62
-8,17,54
-20,25,58
-59,33,45
-4,23,56
-17,25,49
-22,23,60
-14,14,56
-7,17,55
-12,19,63
-16,21,60
-16,21,56
-21,17,61
-26,20,55
-18,21,57
-20,21,57
-19,18,55
-25,19,50
-20,19,54
-27,22,58
-30,22,60
-21,19,61
-18,20,61
-15,16,57
-9,16,56
-6,24,63
-15,15,58
-18,23,58
-20,17,61
-10,17,67
-13,18,60
-7,17,64
-5,21,60
-10,27,62
-4,25,71
-12,21,55
-1,19,53
-10,28,67
-3,18,62
-16,29,54
-6,30,49
-3,31,51
2,35,55
-2,34,50
3,32,64
-7,35,59
-11,31,54
-5,28,55
-6,41,55
0,35,56
6,29,48
2,33,42
-3,37,53
1,41,59
11,40,46
7,32,44
9,26,43
-16,43,32
10,33,50
3,35,47
7,38,51
8,42,56
17,33,51
4,47,48
6,42,46
2,37,48
8,33,52
6,29,50
6,32,53
6,36,55
12,42,60
-2,30,53
3,30,52
8,36,54
5,36,52
2,36,49
2,35,55
6,41,49
10,41,49
8,35,48
0,37,47
2,41,51
2,29,47
6,35,56
5,32,55
2,34,49
8,39,52
1,36,52
7,35,52
10,38,55
8,36,51
11,38,49
7,37,47
7,38,50
5,36,47
5,36,49
6,37,51
3,37,51
6,39,50
12,43,52
3,39,48
10,36,46
8,39,47
9,38,48
13,35,48
13,36,49
12,37,50
9,40,50
4,38,50
9,36,55
10,34,54
8,38,50
12,40,47
8,39,47
10,38,48
18,41,51
14,40,49
9,39,45
14,39,51
6,38,47
9,40,47
14,41,51
12,41,50
8,39,47
10,38,50
7,39,52
7,41,48
6,42,49
7,39,47
2,40,46
6,39,50
11,38,49
9,39,49
3,40,45
4,41,49
5,38,50
1,38,51
3,35,52
4,35,52
5,35,49
2,37,48
2,39,49
0,37,56
5,37,52
5,37,55
3,36,51
0,37,50
6,36,50
4,36,53
-3,34,50
-1,33,53
1,33,55
3,34,55
5,35,53
2,36,51
1,36,52
5,35,54
-4,31,55
0,31,52
2,33,53
1,32,52
3,31,50
4,32,52
7,33,53
1,32,55
-1,33,57
5,34,58
2,31,58
2,32,57
5,32,57
4,32,56
7,32,55
6,32,53
4,31,53
5,32,54
2,30,55
6,31,56
5,30,55
3,30,55
4,31,53
8,32,55
4,30,53
3,30,52
8,32,56
9,33,57
11,33,54
9,34,54
4,31,53
3,29,52
6,30,53
5,33,53
5,33,52
15,36,55
14,36,55
5,41,56
9,33,58
4,29,53
2,26,54
1,29,55
14,26,56
9,29,39
16,37,59
7,35,49
10,34,49
13,34,56
9,32,55
8,32,58
7,31,56
7,32,54
7,33,51
9,33,53
10,32,52
9,32,52
8,31,51
9,30,53
9,31,54
9,33,53
9,33,53
8,33,54
9,31,54
5,35,53
11,32,55
9,29,55
9,31,52
19,26,53
4,18,50
10,34,56
7,23,51
15,33,56
12,30,53
12,30,53
11,28,54
7,30,54
9,35,57
11,32,54
8,30,57
9,29,56
6,30,55
9,28,56
10,33,58
7,26,51
12,33,56
14,27,55
9,23,53
7,29,57
10,28,58
5,23,56
5,29,57
11,29,59
9,28,58
8,27,56
8,27,56
8,27,56
7,27,56
8,27,56
8,28,56
9,28,57
11,27,55
11,27,53
15,26,49
17,23,45
17,20,46
15,24,47
17,26,48
15,29,51
21,30,50
41,33,55
40,36,61
29,37,50
31,36,50
31,34,50
20,29,52
4,25,47
33,29,57
29,27,52
20,32,47
12,31,51
5,21,34
27,29,57
23,32,51
19,30,47
19,32,51
23,30,51
8,28,43
19,26,51
24,29,51
24,31,49
26,30,48
22,30,49
27,33,50
30,34,49
30,34,49
29,38,47
29,33,46
31,32,48
33,32,44
32,31,42
35,32,42
36,30,43
39,30,45
37,23,44
37,16,43
39,19,46
41,20,44
39,29,41
39,24,39
38,26,40
39,19,40
39,19,41
42,10,45
32,12,37
34,13,42
43,12,44
45,12,44
42,13,41
42,14,40
42,17,37
41,17,40
51,19,46
49,16,45
49,16,46
48,15,46
47,15,47
47,12,51
42,8,47
41,6,45
41,3,40
40,1,37
44,3,35
46,6,37
52,6,45
51,5,44
50,4,44
52,0,47
48,-1,44
43,-3,42
43,-2,44
46,-1,47
39,1,44
42,2,47
34,3,46
28,4,48
15,10,48
28,17,49
35,20,51
39,22,50
42,20,50
43,16,48
39,14,47
29,10,46
29,9,46
33,11,49
38,10,52
37,10,52
32,13,50
33,15,52
30,16,51
32,16,51
35,16,51
38,13,52
39,13,51
34,12,47
32,13,46
34,13,48
35,12,47
32,12,43
31,10,45
50,4,58
41,6,53
31,4,49
34,4,52
33,4,49
32,5,47
39,7,48
44,7,50
44,7,48
41,5,47
41,5,46
35,4,41
36,2,37
56,5,40
57,8,42
54,8,43
49,8,39
50,7,40
52,5,42
49,4,40
43,5,38
46,8,42
48,9,43
46,9,44
44,10,44
41,11,45
40,12,48
43,12,49
42,12,47
41,12,47
39,13,46
38,12,46
37,12,45
33,16,45
33,18,45
33,21,49
32,21,49
38,26,53
20,8,43
18,14,42
23,5,57
23,6,36
36,20,57
24,26,49
5,23,56
29,24,56
40,22,63
15,20,49
18,19,53
33,38,57
7,7,49
6,9,49
3,21,55
3,22,60
0,21,57
2,19,57
1,21,55
-2,20,55
2,22,60
4,17,58
-3,21,56
1,22,60
1,25,60
3,28,55
4,26,55
7,27,58
7,26,58
5,28,57
6,27,57
7,25,53
6,30,52
9,31,56
7,34,54
13,33,53
11,34,51
15,29,52
16,36,54
13,37,50
8,29,51
11,30,56
20,27,57
18,23,52
20,22,49
39,12,59
29,33,55
14,31,52
15,28,51
11,30,52
8,31,51
11,31,52
11,31,51
12,28,52
11,34,52
14,27,53
14,29,52
14,38,49
17,39,49
19,36,43
17,37,41
18,36,52
16,41,53
25,30,55
28,13,54
21,22,50
2,21,34
47,27,54
16,42,46
19,30,52
20,29,48
30,29,60
23,39,52
18,32,48
21,34,53
22,26,55
20,22,53
17,20,52
11,16,55
11,16,59
14,20,62
14,23,56
11,24,51
12,30,55
13,41,49
22,22,57
20,24,60
14,26,54
10,28,53
11,28,53
18,24,49
21,23,52
26,21,59
20,23,58
15,23,56
17,23,56
18,23,55
20,22,57
9,24,50
15,22,56
16,25,56
15,22,52
13,14,50
14,14,52
11,28,49
24,19,58
31,14,63
20,17,55
20,15,56
14,20,52
21,13,55
22,16,56
26,22,55
30,20,58
23,18,56
25,16,57
25,13,56
25,12,56
26,12,56
27,14,55
27,14,55
27,15,55
26,14,56
26,13,56
27,12,56
26,11,56
26,11,56
27,11,55
27,11,55
26,12,54
27,12,54
27,12,54
27,12,54
27,10,54
28,10,54
27,10,54
27,10,54
27,10,54
26,11,55
27,11,55
27,11,56
27,11,56
27,10,57
27,10,56
27,9,56
27,9,53
28,9,53
29,8,52
27,8,51
27,9,53
28,10,54
28,12,55
31,13,57
31,11,56
26,8,55
27,9,56
29,9,59
26,11,55
25,11,54
28,11,55
29,9,55
26,5,54
24,6,53
24,9,52
25,16,52
28,17,53
27,15,53
25,13,52
26,10,54
26,10,55
25,11,55
28,12,56
27,13,56
26,13,57
26,12,57
25,9,54
26,8,54
26,8,54
25,9,53
26,9,53
27,11,54
26,11,55
26,10,56
27,9,58
26,8,56
24,8,55
25,9,55
27,9,54
26,9,54
26,10,54
27,11,54
27,12,55
28,11,56
26,10,55
26,10,54
29,13,57
29,12,57
27,13,55
29,14,56
29,12,56
26,8,54
25,10,52
28,12,52
28,13,51
26,14,52
25,16,51
28,17,53
27,14,54
27,11,53
26,10,51
28,11,51
29,14,54
27,17,55
27,16,56
27,13,57
27,12,58
27,11,57
27,11,57
26,12,54
24,15,50
26,15,52
29,12,54
27,11,52
27,11,51
29,9,53
32,3,56
23,3,53
24,4,53
32,9,53
33,11,53
31,12,51
31,15,52
34,15,53
34,13,52
32,13,51
34,12,51
37,12,52
34,11,50
32,10,49
33,9,51
32,8,53
31,9,53
33,9,53
36,11,52
36,10,52
36,9,50
34,9,51
33,9,49
35,8,52
34,8,51
30,8,51
29,8,53
30,8,53
31,9,53
34,9,52
33,10,51
33,11,49
33,11,50
32,11,50
36,11,52
35,10,51
34,9,50
34,8,51
34,8,51
33,8,50
34,8,50
36,7,50
36,7,50
36,8,50
36,8,50
35,8,51
33,7,51
34,8,52
35,7,52
36,8,51
35,8,49
35,8,49
35,8,49
35,7,50
34,7,50
35,7,51
35,8,51
35,8,51
35,7,50
35,8,50
34,7,50
35,7,50
35,7,50
35,7,50
35,7,51
34,7,51
34,8,50
36,8,51
35,8,50
35,7,50
34,7,49
34,8,49
35,7,50
35,7,51
34,8,51
35,8,51
35,8,51
35,8,50
35,8,51
35,7,51
35,8,50
35,7,50
35,7,51
35,7,50
35,7,51
35,7,51
35,8,51
35,7,50
35,7,50
35,7,50
35,7,50
35,7,50
35,7,50
35,7,50
35,7,50
35,8,51
36,7,51
35,7,50
35,7,50
35,6,50
36,6,51
36,6,50
35,6,50
35,6,50
36,6,50
36,6,50
35,6,50
36,7,50
36,7,50
36,7,50
35,7,50
35,7,50
36,7,50
35,7,49
36,7,50
36,7,50
35,6,50
35,6,50
35,6,50
35,6,50
36,6,50
35,6,49
36,6,50
35,6,49
35,6,50
35,6,50
35,6,50
35,6,50
36,6,51
35,6,50
35,6,51
35,6,50
36,6,50
36,6,50
35,6,50
35,6,49
35,6,50
35,6,50
36,7,50
36,7,49
36,7,50
35,6,50
35,7,50
36,7,50
36,7,50
36,7,50
36,6,50
36,6,50
36,6,50
36,6,50
36,6,49
36,6,50
36,6,49
36,6,49
36,6,50
37,6,50
36,7,49
36,6,49
36,6,49
36,6,49
36,6,50
36,6,49
36,6,49
36,6,49
37,6,49
36,6,49
36,6,49
37,5,49
37,6,49
37,5,49
36,5,50
37,5,50
36,5,49
36,6,49
37,6,49
37,5,49
37,5,49
36,5,49
36,5,49
37,5,49
37,5,50
37,6,49
37,5,49
37,5,50
36,5,49
36,5,49
37,5,50
37,4,49
37,5,49
36,4,50
36,5,50
36,5,49
37,5,49
37,5,49
37,5,50
37,5,50
35,5,49
36,4,49
36,5,50
36,5,50
36,5,49
36,5,49
36,5,49
36,5,49
36,5,50
36,5,50
36,5,50
36,5,49
36,5,49
37,5,50
36,5,50
35,5,49
35,5,50
36,5,50
36,5,50
36,5,50
36,5,50
36,5,50
36,5,50
36,5,49
36,5,50
36,6,50
36,6,50
36,6,50
36,5,49
36,5,49
36,5,50
35,4,50
35,4,50
35,5,50
35,5,51
35,5,51
35,6,50
35,5,50
35,6,51
35,6,51
35,5,51
35,5,50
35,5,51
34,5,51
33,5,51
34,5,51
34,7,50
34,7,51
34,7,51
34,7,51
34,7,50
34,6,50
35,6,51
34,6,51
34,6,51
34,6,51
35,6,51
35,6,51
35,6,51
34,6,51
35,6,51
35,6,51
35,5,50
34,6,51
35,5,51
35,5,52
35,4,52
34,3,51
32,3,49
33,4,49
34,5,50
35,6,51
36,7,51
37,7,52
23,5,57
22,6,57
22,6,57
22,7,58
23,6,58
23,6,58
21,6,57
20,6,57
21,6,57
24,6,57
24,6,57
22,4,57
21,4,57
20,4,57
20,6,58
20,7,58
21,8,58
22,7,58
22,6,57
22,5,57
22,5,57
21,6,58
20,6,58
20,7,58
21,7,58
22,7,59
23,7,58
22,7,57
22,6,56
23,7,56
23,7,56
21,6,56
20,7,56
22,7,58
21,7,58
21,7,58
21,7,58
22,7,58
22,7,57
21,7,56
20,6,56
20,5,56
16,3,52
23,1,56
29,1,60
26,3,60
26,4,62
25,5,60
23,5,58
23,4,57
24,2,57
24,2,57
23,2,57
23,2,57
23,2,57
23,2,57
22,2,56
23,2,57
23,2,57
23,2,57
23,2,57
23,3,57
23,3,58
23,3,58
23,2,57
23,2,57
23,2,58
23,1,58
23,1,57
23,1,57
23,2,57
23,2,57
23,1,57
21,2,56
22,3,57
24,3,58
23,3,58
23,2,58
23,1,56
23,1,57
24,1,57
24,2,57
23,2,57
21,2,57
22,2,57
21,2,56
22,2,57
22,4,57
21,5,57
21,5,58
22,5,58
23,4,59
23,3,58
23,2,57
23,2,56
23,2,56
23,2,56
23,2,56
23,2,56
25,2,57
24,2,57
23,2,57
23,2,57
23,2,57
23,4,59
22,4,58
22,3,57
24,2,57
24,1,58
23,1,57
22,1,56
22,2,57
25,2,57
25,1,57
22,1,56
22,2,57
23,2,58
23,2,58
23,2,58
22,1,57
23,1,57
23,1,57
23,1,57
22,1,57
22,1,57
22,1,58
22,2,58
22,2,58
22,2,58
22,2,58
22,2,57
22,1,57
22,1,57
22,1,57
22,1,57
22,1,57
22,2,58
21,2,57
22,2,58
22,3,58
23,3,58
24,3,60
20,3,56
24,2,58
22,2,57
22,2,57
22,2,57
23,2,58
23,2,58
22,2,58
22,2,58
22,1,58
22,2,57
23,3,57
24,3,57
23,3,57
24,3,57
23,2,57
23,2,57
23,3,57
23,2,57
24,2,58
22,2,57
23,2,57
22,2,57
23,3,56
23,4,57
23,4,57
23,4,57
24,4,57
24,3,57
24,1,57
24,1,57
24,2,57
24,2,56
24,3,57
24,3,57
24,4,56
24,4,56
24,4,56
24,5,56
27,4,57
27,4,57
25,2,56
24,2,54
26,2,54
27,2,54
27,3,55
27,3,55
27,3,56
28,3,58
28,1,58
26,1,56
26,3,55
27,3,55
26,2,54
26,2,55
27,2,56
27,1,56
27,0,56
27,-1,55
27,-1,56
29,0,57
29,0,56
26,1,55
22,-2,56
20,-2,55
26,-1,60
27,-1,61
26,0,58
23,1,56
23,3,55
25,3,56
25,1,56
26,0,57
25,0,57
23,0,56
24,0,57
24,0,57
23,-1,57
22,-1,57
22,-2,56
23,-2,57
23,-1,56
22,0,57
22,0,57
23,-1,57
22,-1,57
22,0,57
22,0,57
22,0,57
23,0,58
23,-1,57
22,0,56
23,1,56
24,1,57
24,0,58
23,0,57
23,1,56
24,1,57
24,-1,58
24,-1,58
23,-1,59
23,-2,58
22,-2,58
22,-3,57
22,-2,57
22,-2,57
21,-1,57
22,-2,58
23,-2,60
23,-2,61
21,-2,61
23,-3,61
22,-5,58
21,-2,57
20,-2,57
19,-3,56
19,-3,55
22,-2,56
22,-2,56
20,-2,56
17,-1,55
21,1,58
20,2,57
21,0,59
22,1,57
22,2,58
21,0,58
21,0,56
21,0,56
22,-1,56
23,0,57
26,4,59
25,4,58
24,3,56
13,3,62
23,6,61
29,3,58
21,-2,56
19,-4,52
30,2,56
27,4,54
26,6,54
29,8,56
31,6,59
27,5,57
27,5,56
27,2,55
26,0,56
26,0,55
26,-1,55
26,0,55
25,2,56
25,2,56
26,3,56
26,3,56
26,2,56
28,2,56
27,2,55
27,3,55
27,4,57
27,5,55
27,5,53
28,2,54
27,2,54
27,2,54
26,2,54
27,3,55
30,4,56
31,5,56
30,5,55
30,4,54
30,3,54
29,3,53
29,3,53
30,3,54
30,3,54
31,3,54
30,4,54
29,4,53
30,4,53
31,4,53
32,4,53
31,5,54
31,5,53
31,4,53
31,4,54
30,4,53
31,4,54
31,4,53
31,3,53
30,4,53
30,4,53
31,4,53
31,4,53
30,4,53
30,4,53
31,4,53
32,4,54
31,3,53
30,2,52
32,2,53
31,2,53
31,2,53
30,2,53
31,2,53
31,2,54
32,1,53
32,2,53
32,1,53
32,0,53
31,1,53
32,1,53
32,1,53
33,1,53
33,1,52
33,0,52
33,0,52
33,0,52
32,0,52
33,-1,52
33,-1,53
33,-1,53
32,0,53
32,1,53
33,0,53
32,1,52
32,1,52
33,1,53
33,1,53
32,1,53
32,1,53
32,1,53
31,1,53
31,1,53
31,1,53
31,1,53
31,2,53
31,2,53
31,1,54
31,0,53
31,0,53
31,0,53
31,1,53
31,1,53
32,1,53
31,1,54
31,1,54
30,1,53
31,1,54
31,1,53
31,1,52
30,1,53
29,1,53
31,2,54
32,2,54
33,1,54
31,0,53
30,0,53
30,-1,52
31,0,52
32,1,53
31,1,54
31,2,54
31,1,53
31,1,54
31,1,53
31,1,53
31,2,53
30,2,53
29,3,53
30,4,54
30,5,54
31,4,54
30,4,53
31,5,53
32,5,53
32,5,53
32,5,53
32,4,53
31,4,52
31,4,52
32,5,53
32,6,53
31,6,53
30,5,53
30,6,53
31,6,53
32,5,53
31,5,53
31,5,52
31,5,52
32,4,53
31,5,53
31,5,53
32,5,53
32,5,53
31,5,53
31,5,53
32,5,53
32,4,53
31,4,52
32,4,53
32,4,53
32,5,53
32,5,54
33,5,53
32,3,51
31,3,50
31,4,50
33,4,52
33,4,52
33,4,53
31,4,53
33,3,53
34,2,54
33,2,53
32,2,52
33,2,52
33,3,53
33,3,53
32,3,53
32,2,53
32,2,52
32,2,53
32,3,53
33,3,53
32,3,53
31,2,50
32,2,50
33,2,52
33,3,53
32,2,53
32,0,53
33,0,53
31,1,51
31,1,51
34,2,53
36,2,54
34,1,54
30,1,52
31,1,52
32,1,51
32,1,51
32,2,52
33,2,53
33,1,52
33,0,53
32,0,53
32,1,53
32,1,53
31,2,53
31,1,53
31,1,53
32,1,53
32,1,52
32,1,53
33,1,52
31,2,52
32,2,53
31,2,54
30,3,54
30,4,55
32,3,55
31,2,54
31,2,53
30,2,53
31,2,53
30,3,53
30,3,53
29,4,53
31,4,53
30,4,53
30,5,53
31,5,53
30,5,53
30,5,54
30,5,54
29,5,53
30,5,54
30,4,54
30,4,54
30,4,54
29,3,53
29,4,53
30,3,54
30,4,53
30,4,53
30,4,54
31,4,54
30,4,54
30,4,53
31,4,53
31,4,53
31,4,53
31,5,54
31,5,53
31,4,54
30,5,54
31,5,54
31,5,53
31,5,52
31,5,52
31,5,53
32,5,53
31,5,53
31,4,53
32,4,53
31,4,53
32,4,54
32,4,54
33,3,54
30,2,52
29,2,51
30,3,52
30,4,52
30,4,53
30,3,53
31,1,53
32,0,54
32,0,54
32,1,53
32,2,53
33,3,53
32,2,53
31,2,53
31,2,53
30,2,53
32,2,53
32,2,54
31,1,53
31,2,53
32,2,53
31,2,53
31,2,53
31,2,53
31,2,53
32,2,53
32,2,53
31,3,53
31,2,53
32,2,53
31,2,53
31,2,53
31,2,53
32,3,52
32,3,52
31,3,52
32,3,53
32,3,53
31,3,53
31,3,52
32,3,52
33,3,53
32,2,52
32,1,53
32,2,54
31,3,51
31,4,51
33,4,53
33,3,54
32,1,53
32,1,53
31,1,52
32,2,52
33,2,52
34,2,53
32,2,52
33,2,53
33,2,53
33,1,52
33,1,52
33,1,53
33,1,52
33,2,53
33,2,53
32,2,53
32,2,52
34,1,52
34,1,52
33,1,51
33,0,52
33,0,53
32,0,53
31,0,52
33,0,53
33,0,53
33,-1,54
31,-1,53
31,-1,53
32,0,51
32,1,51
33,2,52
33,1,52
33,1,53
32,1,53
31,0,53
33,0,53
33,0,53
32,0,52
31,0,53
31,1,53
32,0,54
31,0,53
30,0,52
31,1,52
33,1,53
32,1,53
31,1,53
31,1,54
31,1,54
31,1,54
32,0,53
33,0,53
32,-1,52
32,-1,52
31,-1,52
31,-1,52
31,-1,53
31,-2,53
31,-2,52
32,-1,52
32,-1,53
32,0,53
31,0,53
32,0,53
32,-1,53
32,-1,53
31,-1,53
31,-1,53
32,0,52
33,-1,53
33,-1,53
32,-1,52
32,-1,53
32,-1,53
32,-1,53
32,0,52
32,0,53
32,0,53
32,0,53
32,0,53
32,0,53
31,0,53
31,0,53
32,0,53
32,0,53
32,1,53
32,1,53
32,1,53
32,0,53
32,0,53
31,0,53
31,0,53
32,0,53
33,0,53
31,0,53
31,0,53
31,0,53
32,0,53
32,0,53
32,1,53
32,1,53
32,0,53
32,0,53
32,0,53
32,0,53
33,0,53
32,0,53
32,0,53
32,0,53
32,0,53
32,0,53
32,0,53
32,0,53
32,0,53
32,0,52
32,0,52
32,1,52
31,0,51
36,-1,54
34,0,52
33,0,53
33,0,52
32,1,52
30,0,52
30,0,51
32,-1,51
34,-2,52
34,-4,54
29,-4,52
30,-4,52
26,-5,50
26,-4,50
23,-5,48
13,-5,37
14,-6,37
59,-22,63
60,-28,64
15,-24,41
11,-28,38
18,-26,37
35,-28,41
45,-33,45
39,-35,42
29,-35,35
13,-38,26
20,-51,26
28,-56,29
39,-69,31
44,-79,31
37,-79,30
16,-59,24
12,-56,21
20,-54,17
29,-53,19
38,-51,23
36,-51,22
28,-52,21
27,-57,21
27,-58,20
26,-59,19
25,-59,17
21,-61,15
18,-61,14
19,-60,14
19,-59,15
19,-56,16
21,-48,19
22,-49,21
21,-53,20
19,-57,19
18,-57,20
19,-58,22
21,-60,23
24,-58,25
20,-58,23
20,-58,23
21,-56,21
21,-55,21
22,-55,21
22,-54,20
22,-54,19
21,-55,18
20,-56,18
19,-57,18
20,-57,19
19,-57,19
19,-57,20
18,-57,21
17,-58,23
16,-59,23
16,-60,23
16,-60,23
16,-58,21
17,-58,20
18,-58,20
18,-56,18
18,-55,16
19,-54,16
19,-53,16
17,-54,17
16,-64,16
15,-69,15
16,-66,17
17,-62,19
19,-56,20
19,-54,20
19,-54,17
19,-58,16
18,-60,14
17,-61,14
18,-60,15
20,-68,15
18,-57,16
20,-50,20
23,-51,21
20,-55,18
17,-62,15
18,-63,16
19,-62,19
24,-64,22
22,-64,20
17,-61,16
17,-59,15
18,-57,15
21,-59,16
26,-58,21
24,-55,22
22,-53,20
18,-54,18
15,-58,16
13,-57,16
14,-57,17
16,-58,18
17,-59,19
16,-58,20
14,-56,19
14,-57,19
15,-58,20
16,-57,21
15,-56,20
16,-56,21
16,-56,21
17,-57,21
17,-58,21
17,-59,22
17,-60,22
17,-60,22
18,-58,22
18,-57,23
20,-55,24
20,-55,23
19,-55,23
19,-56,22
19,-56,22
19,-56,22
19,-57,21
18,-57,22
18,-57,22
18,-57,22
18,-58,23
18,-58,22
18,-58,22
18,-58,22
18,-58,22
18,-58,21
18,-58,21
19,-61,21
19,-60,22
19,-56,23
16,-55,19
15,-56,18
15,-58,19
17,-58,22
19,-58,24
17,-56,22
15,-57,21
15,-59,21
16,-59,21
17,-58,21
17,-57,21
17,-58,20
18,-58,21
18,-57,22
17,-56,20
17,-56,20
18,-55,20
19,-55,21
20,-55,22
18,-58,23
16,-61,21
19,-63,23
19,-62,24
17,-55,22
19,-53,22
20,-53,22
23,-52,24
23,-52,24
21,-53,23
21,-54,22
21,-58,21
20,-61,21
20,-61,21
19,-59,23
18,-58,22
20,-55,22
21,-55,23
21,-56,23
19,-58,21
19,-58,21
18,-58,20
18,-57,19
20,-56,19
22,-55,20
23,-55,20
22,-56,19
21,-55,19
22,-55,19
23,-55,20
23,-55,20
23,-55,21
23,-56,21
23,-56,21
23,-56,21
22,-56,21
22,-56,21
22,-56,21
22,-55,22
23,-55,22
22,-55,21
22,-55,22
22,-56,21
22,-56,22
23,-56,22
22,-55,22
22,-55,21
21,-55,21
21,-56,21
20,-56,21
21,-56,22
22,-56,22
20,-56,22
20,-56,21
21,-55,21
21,-55,21
22,-54,22
24,-53,16
28,-62,17
39,-62,26
30,-58,21
32,-53,26
15,-50,19
28,-85,27
18,-53,19
17,-54,19
22,-58,31
17,-59,33
18,-55,30
37,-48,41
41,-56,37
45,-52,31
34,-52,30
45,-46,33
48,-39,49
41,-32,42
19,-42,39
37,-35,44
37,-29,46
31,-19,44
32,-10,44
39,-6,48
34,4,53
26,-4,45
27,-2,52
19,1,44
26,4,50
29,5,50
29,11,48
27,17,49
23,19,42
33,22,43
30,23,37
38,24,41
35,28,43
41,31,39
30,33,35
38,26,43
31,33,39
34,34,33
37,37,30
42,41,35
44,42,37
38,49,34
30,48,33
34,43,38
30,44,35
28,41,38
22,41,36
22,43,35
21,41,38
21,43,38
25,42,35
22,46,32
18,43,34
25,37,39
20,47,39
23,45,39
22,45,41
21,49,39
20,49,38
22,44,37
28,36,39
20,49,38
22,48,36
20,48,36
24,48,39
23,47,38
19,50,34
14,52,32
21,48,37
21,49,41
21,44,41
20,44,38
16,48,39
24,45,41
29,47,36
23,51,35
19,52,32
20,53,31
15,53,32
14,49,31
24,59,34
32,49,46
25,31,39
18,40,40
17,39,38
26,34,49
22,37,44
-2,46,30
20,43,45
30,41,52
19,33,43
22,44,40
23,37,44
20,42,43
28,44,42
30,38,41
28,36,40
32,43,42
26,47,39
28,38,39
30,41,41
33,41,43
33,43,40
24,40,34
31,38,32
35,36,35
34,43,39
42,38,48
29,41,42
5,36,32
26,47,46
30,42,44
18,44,37
37,40,41
31,41,37
26,48,36
27,46,31
27,46,35
37,46,36
31,42,31
29,45,30
32,47,31
34,49,33
27,46,27
31,48,29
30,47,30
31,47,34
26,46,27
31,48,31
34,46,31
26,48,27
28,47,26
32,47,28
30,49,25
30,47,26
31,49,30
31,47,30
32,49,34
31,47,30
36,48,31
30,47,22
34,50,25
32,47,29
24,49,23
26,51,28
33,51,37
29,51,37
21,44,32
24,48,34
26,51,34
27,51,30
30,49,28
32,58,33
26,42,27
32,49,38
20,44,40
11,41,36
23,47,51
19,44,46
18,47,43
29,56,38
10,38,35
15,34,43
17,46,46
8,47,45
7,46,44
10,48,43
12,50,43
12,49,40
12,44,41
17,40,47
4,48,43
8,52,45
4,47,47
8,48,40
3,51,39
4,53,44
9,47,46
5,46,46
3,41,48
7,44,47
2,40,42
9,24,43
5,45,45
14,42,49
7,40,40
13,42,45
13,46,46
19,42,47
19,43,47
19,49,45
20,46,45
14,52,42
23,38,46
20,37,43
13,43,46
15,41,47
14,35,44
15,37,46
17,34,45
10,42,45
11,51,45
12,46,46
10,51,44
13,54,40
15,39,44
22,35,51
17,40,46
16,41,47
11,37,44
12,33,43
27,32,50
13,41,45
13,37,48
12,41,48
21,39,52
21,44,51
12,42,47
21,41,45
24,33,43
17,34,46
19,38,48
19,41,51
14,33,46
16,35,52
15,32,50
14,32,49
15,34,50
15,42,55
14,33,46
16,33,47
17,34,45
15,35,51
22,35,57
22,34,54
22,33,49
7,31,45
8,27,48
6,27,59
6,27,56
-5,33,47
2,49,52
6,47,52
7,39,49
6,37,49
8,38,53
10,36,53
6,28,49
8,29,53
-1,30,53
-5,37,44
8,43,45
14,46,55
9,44,51
9,40,49
11,40,55
9,34,51
11,31,51
8,27,51
0,28,51
-1,29,47
1,37,54
9,36,44
12,44,46
13,40,54
6,44,47
20,42,53
9,33,53
3,39,49
13,37,44
27,46,44
29,42,53
5,33,45
1,33,44
-7,43,50
3,42,49
16,37,49
23,34,50
28,33,53
18,36,50
5,41,51
-4,42,49
2,36,50
18,31,51
21,29,51
19,34,49
11,39,46
11,35,44
15,32,44
16,37,45
21,41,44
32,39,40
33,36,38
36,33,38
32,34,37
36,38,36
39,36,35
41,34,32
43,36,31
44,34,29
41,39,29
46,41,28
40,37,26
36,40,19
52,41,13
44,44,2
54,33,5
46,39,-7
46,43,-12
36,48,-25
82,35,-1
41,40,-34
58,33,-19
50,26,-34
45,34,-43
40,37,-42
41,28,-38
20,33,-48
53,38,-25
38,20,-43
39,30,-39
42,24,-34
45,25,-36
48,21,-45
48,27,-41
48,25,-42
40,26,-47
47,24,-64
35,24,-49
33,23,-44
31,23,-52
28,27,-45
25,24,-53
32,31,-58
27,30,-58
25,26,-50
22,22,-53
19,20,-55
18,24,-57
19,22,-58
21,25,-57
17,24,-57
17,25,-57
18,24,-58
19,24,-56
16,25,-54
14,25,-56
17,24,-58
14,25,-57
12,26,-59
16,28,-58
17,28,-57
14,26,-58
12,25,-58
10,25,-58
10,23,-59
9,24,-58
11,24,-55
10,24,-56
7,25,-57
7,28,-59
11,25,-57
15,24,-63
16,22,-61
14,14,-59
12,16,-62
14,13,-63
10,17,-61
9,16,-61
14,16,-56
14,15,-58
16,16,-60
22,7,-66
15,15,-50
19,13,-59
22,24,-56
7,17,-57
13,14,-63
19,14,-59
16,16,-61
15,14,-63
21,21,-61
17,6,-63
24,17,-54
21,12,-55
29,0,-60
25,22,-55
28,20,-47
32,13,-53
33,14,-52
36,14,-54
42,16,-55
44,13,-54
39,15,-51
-1,13,-56
48,22,-39
30,11,-55
38,16,-47
38,19,-51
41,21,-49
43,19,-42
34,18,-61
34,18,-45
34,17,-41
34,16,-42
40,19,-46
43,21,-48
45,19,-49
42,18,-50
40,17,-43
36,16,-45
32,19,-43
39,20,-49
48,18,-50
48,12,-49
47,23,-46
32,18,-48
40,16,-47
43,13,-48
50,12,-43
50,13,-42
40,11,-44
45,15,-38
42,12,-41
40,16,-37
49,10,-46
49,-1,-44
53,12,-41
60,5,-41
50,9,-33
49,13,-28
55,-1,-27
48,-3,-35
58,13,-37
64,12,-36
54,6,-33
57,8,-29
53,11,-27
56,13,-33
53,2,-31
53,14,-36
52,15,-34
48,16,-35
54,15,-30
53,20,-32
36,-23,-9
61,3,-33
29,5,-67
44,6,-41
61,42,-50
22,22,-62
31,30,-54
36,18,-51
32,20,-53
28,19,-53
32,20,-48
36,29,-36
43,31,-35
57,29,-47
36,-17,-51
50,43,-39
59,38,-35
54,15,-43
43,12,-40
43,16,-31
46,19,-41
41,-7,-50
44,21,-36
45,16,-37
44,20,-54
41,21,-46
42,16,-51
42,13,-50
35,29,-44
34,18,-47
29,20,-54
27,25,-47
33,13,-52
30,16,-58
33,19,-53
30,19,-53
30,17,-52
29,15,-54
28,17,-55
29,16,-56
28,17,-52
24,13,-52
26,16,-53
28,16,-56
31,17,-55
30,17,-55
30,20,-50
23,12,-56
27,13,-57
24,15,-56
23,18,-57
22,11,-58
26,19,-57
24,15,-59
29,17,-60
25,17,-63
21,12,-57
19,4,-56
24,13,-54
20,17,-61
21,18,-58
22,15,-59
23,17,-54
20,18,-56
20,19,-58
21,17,-61
20,15,-61
20,13,-58
15,13,-58
17,17,-58
16,15,-59
16,16,-58
15,14,-57
15,14,-59
14,16,-61
13,17,-61
12,14,-60
12,20,-63
12,18,-61
10,17,-52
12,17,-56
15,16,-59
17,20,-70
16,16,-64
13,14,-57
7,14,-58
4,16,-61
5,16,-63
13,17,-61
6,16,-60
9,13,-62
8,14,-63
10,14,-61
14,18,-60
13,16,-61
12,15,-60
14,16,-59
13,16,-60
12,14,-61
15,15,-59
2,19,-63
15,15,-62
11,13,-62
11,16,-61
10,16,-61
11,15,-60
13,17,-60
12,15,-60
13,16,-59
14,14,-59
16,17,-59
13,16,-61
15,31,-64
17,9,-59
3,23,-60
19,14,-62
13,17,-63
7,19,-62
13,12,-60
11,14,-61
10,12,-62
11,12,-63
12,14,-62
12,15,-61
6,14,-61
7,14,-61
10,14,-60
8,16,-61
17,13,-64
6,17,-63
7,16,-63
9,14,-59
11,14,-59
7,15,-62
11,16,-60
12,14,-60
15,16,-57
19,10,-58
13,17,-62
9,14,-60
17,19,-58
18,12,-60
18,16,-64
17,16,-60
17,17,-63
14,18,-62
12,14,-61
12,16,-61
15,13,-57
16,16,-61
9,22,-64
9,15,-57
10,17,-55
10,17,-61
9,19,-63
13,20,-62
12,20,-64
12,17,-63
10,13,-58
8,17,-60
8,16,-61
8,16,-60
8,17,-63
7,17,-61
5,15,-59
11,15,-60
11,15,-60
11,14,-62
10,12,-61
8,13,-61
9,13,-61
11,14,-61
11,13,-63
11,14,-61
11,14,-60
10,12,-60
15,11,-60
15,11,-60
15,12,-61
14,11,-61
15,13,-61
13,12,-59
13,13,-60
15,11,-60
14,12,-59
14,13,-59
19,13,-60
20,14,-61
13,14,-62
10,15,-60
12,13,-59
10,14,-59
11,15,-63
13,16,-60
12,13,-62
11,15,-62
9,13,-59
6,13,-59
16,15,-57
10,15,-59
6,15,-62
10,17,-64
10,15,-57
13,18,-60
14,16,-61
17,16,-59
13,15,-61
12,13,-60
16,15,-61
16,15,-60
15,16,-62
15,15,-61
15,14,-60
13,14,-60
11,14,-61
13,15,-60
14,14,-59
14,13,-60
15,13,-61
13,13,-61
16,15,-60
14,14,-61
14,13,-62
15,13,-60
16,12,-61
29,13,-61
18,13,-62
11,12,-60
11,13,-60
5,8,-59
14,9,-60
12,15,-61
12,13,-61
12,12,-59
14,15,-61
16,13,-63
16,11,-61
15,16,-60
11,15,-60
15,14,-60
13,14,-61
16,15,-60
16,10,-62
18,15,-58
12,15,-60
14,18,-59
13,16,-61
12,18,-61
12,19,-61
12,19,-60
12,18,-59
10,15,-63
7,17,-63
6,16,-58
7,15,-60
9,17,-60
8,17,-62
6,19,-63
8,16,-62
8,17,-61
9,16,-59
9,14,-58
5,18,-62
1,16,-62
2,17,-61
8,16,-60
7,19,-60
7,17,-61
5,18,-61
6,19,-62
7,17,-60
6,17,-60
4,19,-63
5,17,-61
8,16,-59
7,16,-60
9,15,-64
10,19,-61
11,18,-60
12,16,-61
15,16,-59
15,18,-57
9,19,-59
9,17,-59
17,21,-61
17,21,-60
19,19,-60
17,21,-59
17,14,-57
14,19,-58
13,20,-58
19,24,-64
17,27,-56
15,15,-59
10,20,-61
11,14,-60
15,18,-58
11,16,-60
4,19,-56
-4,21,-57
28,24,-59
-6,29,-62
2,22,-61
8,28,-66
8,24,-62
6,23,-62
8,24,-59
3,13,-53
8,23,-60
8,31,-61
13,25,-59
18,23,-60
9,21,-61
6,14,-58
11,21,-55
4,23,-58
7,26,-57
11,28,-57
11,30,-63
10,19,-60
8,25,-62
14,24,-65
4,25,-62
7,26,-60
12,19,-55
9,20,-55
7,20,-58
11,18,-60
9,21,-60
10,21,-59
10,23,-60
11,25,-61
8,23,-62
6,21,-61
-7,19,-60
-5,23,-61
12,21,-59
1,17,-58
6,17,-59
5,22,-60
5,23,-63
-2,23,-61
0,20,-58
1,18,-61
9,23,-62
5,22,-61
7,22,-61
8,18,-60
7,19,-58
5,22,-58
10,23,-61
7,22,-60
8,22,-59
11,23,-60
7,24,-58
-5,25,-56
5,21,-59
4,24,-57
2,29,-62
13,23,-58
5,21,-60
5,24,-59
5,22,-58
6,24,-58
9,24,-57
7,21,-59
6,21,-59
7,24,-57
10,21,-57
5,22,-59
12,26,-61
9,25,-60
7,22,-60
7,22,-60
11,20,-59
9,21,-57
13,21,-58
13,22,-59
11,20,-59
13,21,-59
13,20,-59
14,22,-59
11,20,-59
12,20,-59
13,22,-59
13,21,-59
14,21,-58
13,22,-59
14,21,-59
13,21,-58
12,20,-59
14,21,-59
14,20,-59
14,21,-58
15,21,-58
14,21,-58
14,20,-58
14,20,-59
12,20,-60
14,20,-58
14,20,-57
16,23,-57
12,4,-53
16,20,-59
13,20,-58
15,21,-60
19,21,-59
19,21,-57
17,21,-56
15,20,-57
14,21,-58
14,23,-60
4,19,-62
6,19,-56
1,24,-57
5,23,-59
9,18,-60
9,19,-59
1,23,-62
-3,22,-62
4,20,-62
3,21,-61
5,20,-60
6,21,-58
7,21,-59
12,16,-58
10,19,-63
5,22,-60
11,21,-57
11,21,-56
9,21,-59
15,22,-60
11,23,-60
11,22,-59
15,22,-59
15,22,-59
14,20,-57
15,21,-57
15,22,-58
17,23,-59
12,28,-63
17,21,-57
17,22,-60
13,22,-57
16,22,-58
16,21,-58
16,23,-58
16,22,-57
17,21,-57
17,22,-58
19,22,-57
16,23,-58
19,23,-57
18,23,-56
18,22,-57
19,21,-58
22,25,-57
17,22,-56
18,22,-58
17,22,-58
19,24,-57
18,24,-57
18,23,-58
17,22,-60
16,21,-57
6,30,-54
18,18,-53
25,24,-59
29,20,-55
28,22,-48
31,21,-52
36,21,-50
30,23,-58
32,22,-55
33,22,-49
30,20,-49
28,18,-47
42,23,-40
27,18,-45
49,22,-50
40,28,-59
39,31,-51
39,29,-43
29,29,-46
31,30,-46
30,23,-44
43,29,-40
40,30,-41
29,26,-39
42,34,-44
46,31,-42
39,26,-44
37,23,-42
40,32,-42
40,29,-43
39,28,-41
39,28,-43
38,31,-43
40,26,-41
42,27,-40
47,29,-34
44,26,-34
44,27,-37
45,28,-39
45,28,-38
42,28,-39
46,27,-34
44,26,-33
37,24,-35
44,29,-34
50,30,-38
49,28,-31
46,23,-35
47,23,-36
52,24,-36
43,19,-41
44,18,-43
38,22,-46
46,19,-49
41,15,-50
46,20,-44
52,25,-45
36,12,-42
40,19,-39
55,16,-40
43,14,-36
52,25,-36
48,18,-36
51,20,-37
56,21,-33
55,20,-28
54,20,-24
55,24,-24
50,21,-23
48,20,-21
53,24,-21
52,26,-23
50,21,-21
52,27,-19
60,25,-17
61,28,-13
60,29,-18
58,29,-14
52,25,-8
61,31,-3
53,17,-9
60,23,-5
53,23,-2
55,24,-1
64,24,-4
64,21,-2
67,20,-1
58,21,-3
55,20,4
60,22,8
58,24,3
54,21,-5
74,32,-1
58,30,-16
61,33,-15
61,36,-16
50,31,-21
48,33,-23
41,32,-23
42,28,-23
46,34,-18
57,22,-28
49,31,-28
41,41,-33
28,44,-49
37,26,-46
27,25,-58
16,21,-61
7,23,-62
9,30,-66
11,22,-51
0,22,-51
-11,29,-63
-12,27,-61
-10,24,-57
-10,21,-57
-11,21,-54
-13,23,-54
-22,20,-50
-17,19,-55
-16,19,-58
-19,18,-56
-23,18,-60
-10,21,-57
-16,18,-55
-16,19,-56
-6,18,-56
-5,16,-56
-7,14,-58
-8,12,-64
-5,13,-65
-2,12,-66
1,14,-67
9,11,-65
18,7,-58
22,7,-54
30,10,-50
32,9,-50
25,8,-51
45,6,-34
52,3,-26
62,6,-18
72,1,-13
83,-6,-9
91,-17,-2
65,-31,11
50,-30,26
39,-30,32
34,-27,35
35,-28,34
38,-29,46
20,-34,44
9,-41,41
13,-47,43
9,-49,38
7,-53,29
11,-54,23
26,-51,16
36,-53,22
31,-56,20
25,-59,11
24,-59,8
37,-58,13
40,-57,12
40,-59,12
40,-60,11
43,-58,7
39,-54,1
31,-54,-2
25,-53,-5
25,-53,-5
30,-55,-5
37,-56,-7
35,-54,-9
33,-55,-9
25,-54,-17
37,-54,-11
33,-57,-16
34,-59,-14
24,-60,-15
24,-58,-13
35,-55,-15
31,-58,-15
28,-60,-11
37,-58,-11
33,-57,-18
6,-55,-33
26,-57,-11
30,-60,4
31,-55,-5
21,-52,-10
25,-59,1
24,-58,7
18,-59,2
17,-60,8
13,-60,11
12,-62,18
13,-63,23
13,-62,20
12,-62,17
11,-62,13
12,-63,12
15,-62,11
20,-60,18
16,-61,17
16,-60,10
11,-60,5
16,-59,12
26,-56,14
29,-54,4
31,-60,6
27,-60,9
19,-59,10
21,-57,12
23,-57,12
26,-58,10
26,-58,9
26,-59,8
25,-59,8
24,-59,7
23,-59,7
24,-58,7
25,-58,8
24,-57,9
24,-58,8
24,-59,9
23,-59,9
21,-58,13
20,-59,12
24,-63,9
25,-63,7
30,-60,8
31,-58,10
27,-59,9
26,-61,7
24,-59,6
21,-55,5
19,-53,4
19,-51,4
23,-53,5
27,-60,6
32,-67,9
29,-62,10
20,-50,9
19,-52,9
23,-64,8
21,-64,9
18,-60,8
18,-62,8
19,-64,9
22,-60,10
26,-54,13
27,-50,14
26,-47,9
26,-45,8
25,-46,7
28,-62,6
29,-86,8
17,-53,7
17,-52,10
29,-59,12
33,-60,12
26,-57,11
18,-58,6
21,-59,6
25,-60,8
27,-59,9
27,-55,11
25,-53,10
21,-52,6
21,-59,4
22,-65,5
23,-62,8
23,-57,9
28,-57,9
31,-58,9
29,-58,9
24,-57,9
24,-58,8
25,-60,8
27,-59,8
29,-56,10
29,-55,10
28,-56,9
25,-59,7
23,-60,7
22,-58,7
23,-58,7
25,-58,8
24,-58,8
24,-58,8
23,-58,7
23,-58,8
24,-59,8
24,-58,8
24,-58,8
25,-59,8
13,5,60
13,4,60
12,4,61
11,4,61
12,5,61
11,5,61
11,6,60
11,5,60
11,5,61
11,5,61
11,5,61
11,5,61
12,6,61
11,5,61
11,5,60
11,5,60
12,5,61
11,5,61
11,5,60
10,5,61
11,5,60
10,6,60
10,6,61
10,5,60
10,5,60
10,5,60
10,5,61
10,4,61
10,5,61
9,5,60
11,5,61
10,6,60
10,6,60
11,5,61
11,5,61
10,5,60
11,5,61
11,5,61
11,5,61
11,5,60
14,5,61
10,5,60
11,5,61
11,5,61
10,4,61
9,4,61
10,4,60
10,5,61
10,5,60
10,5,60
11,5,60
11,5,60
11,5,61
11,6,61
11,6,61
10,6,61
11,6,61
12,5,61
12,5,60
12,5,60
11,5,60
11,5,60
11,5,60
11,5,60
12,6,60
12,6,61
12,6,60
12,6,61
12,6,61
12,6,61
12,5,61
12,5,61
11,5,60
13,6,60
12,6,60
12,6,60
11,6,60
11,6,61
12,6,61
11,6,60
12,6,60
10,6,60
9,6,60
10,6,62
10,6,62
10,6,60
11,6,60
11,6,60
10,6,60
10,6,61
9,6,62
9,6,62
10,7,60
9,7,60
10,7,60
9,6,61
9,6,62
9,6,62
9,6,61
9,6,60
11,8,60
9,7,60
8,7,62
8,7,62
9,7,61
8,7,61
8,7,60
8,6,61
9,6,61
8,5,61
8,5,61
9,5,61
9,5,61
9,5,61
9,4,61
9,5,61
9,5,61
8,5,61
8,5,61
9,5,61
9,5,61
9,5,61
9,6,61
8,5,61
9,5,60
9,5,61
9,6,61
9,7,62
9,7,62
8,6,62
9,6,61
9,6,60
8,6,60
9,7,60
8,6,59
9,6,61
9,6,62
9,7,62
9,7,62
9,6,61
8,6,61
8,5,61
8,6,61
8,6,61
8,6,61
8,6,61
8,7,60
8,7,61
8,7,62
8,6,61
9,6,61
9,6,61
9,6,61
9,6,61
8,6,61
8,7,61
8,6,61
8,6,62
8,6,61
8,5,61
9,6,61
8,6,61
8,6,61
8,6,61
8,5,61
9,5,61
8,6,61
8,6,61
8,6,61
9,5,61
9,6,61
9,6,61
9,7,61
9,7,61
9,7,60
9,7,60
9,7,61
9,7,61
9,7,61
9,7,61
9,7,61
9,7,61
9,7,61
9,6,61
9,6,60
9,7,61
9,7,61
10,6,61
9,6,61
10,6,62
9,6,62
9,7,61
10,6,61
9,6,61
9,6,61
9,5,60
9,4,59
9,6,60
9,6,61
9,7,61
9,6,61
9,6,61
10,7,62
10,7,62
9,6,62
10,6,61
10,7,61
10,7,61
11,7,61
11,6,60
10,7,61
10,6,61
10,6,61
9,7,61
8,8,60
9,8,60
9,7,59
9,6,59
9,7,60
9,5,61
9,5,61
9,6,60
9,7,61
7,6,61
9,5,61
9,5,61
9,5,61
8,5,62
8,5,61
8,6,60
8,6,60
8,6,60
8,6,60
7,6,62
8,6,62
8,7,62
8,7,62
7,7,62
7,7,61
8,8,62
8,7,61
8,6,61
8,7,61
7,6,61
8,6,61
8,6,61
8,7,61
7,2,60
9,7,61
8,8,61
9,8,62
9,5,61
7,7,62
8,7,63
8,7,61
8,8,60
8,8,60
7,8,61
7,8,60
7,7,61
8,8,61
8,8,61
8,8,61
7,7,61
7,8,62
8,8,62
8,7,62
7,5,61
8,5,62
8,5,61
8,5,61
7,5,61
6,5,61
7,7,62
7,8,62
7,7,62
6,7,60
7,8,60
6,7,61
4,6,61
5,7,61
5,9,61
5,10,61
4,10,62
3,9,61
4,8,61
4,8,60
5,9,61
5,9,62
4,9,62
4,9,62
4,10,61
5,9,61
5,9,61
4,8,61
4,9,62
5,8,62
5,8,62
5,6,62
5,7,61
5,8,60
4,8,60
5,9,61
5,8,61
6,9,60
5,8,61
5,8,61
5,9,61
5,9,61
4,9,61
5,9,61
5,9,62
5,8,61
6,8,61
6,8,62
6,8,61
5,8,62
5,9,62
5,9,61
5,8,61
5,8,61
6,8,61
5,8,61
6,8,61
6,8,61
5,8,61
6,9,61
5,9,61
5,9,61
6,8,62
6,9,62
6,8,61
6,8,61
6,9,61
6,8,61
6,9,61
6,9,61
6,8,61
6,9,61
6,9,61
7,9,61
6,9,61
7,10,61
6,9,61
6,8,61
7,8,61
7,9,60
8,10,61
7,8,60
7,7,59
0,11,53
5,6,58
16,11,61
15,7,58
13,8,60
13,7,60
15,8,62
14,8,62
15,7,61
15,7,58
16,6,52
17,7,50
21,13,53
19,12,54
21,9,58
25,8,61
24,4,59
23,4,56
24,6,57
28,6,55
28,6,54
26,6,52
28,7,51
28,7,51
29,6,52
30,6,53
34,5,55
33,4,56
31,1,55
37,-2,55
38,-2,54
37,-2,53
36,-3,52
36,-4,52
39,-2,51
39,-1,52
37,-3,52
37,-4,52
34,-5,52
35,-5,51
37,-5,52
36,-5,50
35,-5,50
35,-6,50
35,-6,51
35,-7,50
35,-7,50
35,-6,49
35,-6,50
35,-6,50
36,-6,49
35,-6,49
35,-6,50
35,-7,50
35,-7,49
34,-8,48
35,-7,49
38,-6,51
38,-5,51
36,-6,49
34,-7,47
35,-8,47
33,-7,44
31,-7,41
39,-8,41
45,-11,42
39,-12,38
28,-16,29
30,-18,27
38,-25,24
40,-30,20
44,-41,14
54,-49,13
57,-53,12
51,-60,10
48,-63,10
47,-61,14
47,-58,14
44,-58,15
41,-54,12
39,-53,12
33,-55,11
30,-56,10
28,-56,11
25,-56,10
25,-57,9
27,-56,10
28,-56,10
29,-56,12
27,-55,11
25,-55,10
23,-55,12
20,-56,12
22,-59,22
14,-61,25
18,-60,28
23,-57,22
20,-58,16
23,-58,13
23,-57,13
22,-56,11
23,-56,12
21,-56,12
21,-56,16
23,-57,20
21,-58,20
19,-59,20
21,-59,22
19,-59,21
18,-59,19
16,-57,20
13,-58,21
19,-60,24
21,-61,26
25,-61,31
32,-64,36
40,-64,41
38,-64,43
30,-60,38
32,-50,36
37,-45,39
35,-35,39
27,-26,35
29,-23,35
24,-20,36
20,-19,32
33,-14,39
29,-14,47
26,-12,50
26,-12,53
31,-11,55
17,-9,53
30,-11,60
21,-8,58
13,-6,51
16,-3,50
29,1,57
24,-1,56
19,-4,55
6,-4,55
12,-6,60
20,-5,62
19,-4,63
15,-5,57
18,-7,55
10,0,50
20,-3,56
24,-4,58